省,项目名称，项目对应省
hunan1,1,浙江,18,29,17,14,13
henan1,1,浙江,19,28,17,13,14
shanghai1,1,浙江,18,28,17,13,14
chongqing1,1,浙江,0,0,0,0,0
jiangxi1,1,浙江,18,29,18,13,13
jiangsu1,1,浙江,15,22,16,11,11
liaoning1,1,浙江,15,28,15,10,13
anhui1,1,浙江,16,20,17,12,15
guizhou1,1,浙江,18,26,18,10,15
guangdong1,1,浙江,16,25,16,13,11
zhejiang1,1,浙江,0,0,0,0,0
sichuan1,1,浙江,18,28,19,12,15
shandong1,1,浙江,19,29,18,7.5,8
yunnan1,1,浙江,20,30,18,12,15
beijing1,1,浙江,14.26,11.25,19.45,14,12
fujian1,1,浙江,12,10,10,9,8
hubei1,1,浙江,16,25,18,14,15
jilin1,1,浙江,10,16,10,10,10
tianjing1,1,浙江,18,28,18,13,10
gansu1,1,浙江,19,30,20,15,14
guangdong1,2,湖北,18,22,15,12,12
sichuan1,2,湖北,17,27,18,14,15
liaoning1,2,湖北,17,25,15,10,13
chongqing1,2,湖北,0,0,0,0,0
shanghai1,2,湖北,18,27,18,14,14
hunan1,2,湖北,20,25,20,10,10
zhejiang1,2,湖北,15,20,15,12,10
guizhou1,2,湖北,13,20,16,13,15
henan1,2,湖北,18,23,18,11,12
anhui1,2,湖北,13,18,15,12,11
jiangxi1,2,湖北,17,24,18,12,12
jiangsu1,2,湖北,14,21,15,11,11
jilin1,2,湖北,13,17,12,10,10
yunnan1,2,湖北,0,0,0,0,0
hubei1,2,湖北,0,0,0,0,0
tianjing1,2,湖北,18,25,17,12,10
shandong1,2,湖北,16,20,16,9,9
gansu1,2,湖北,20,29,20,15,15
fujian1,2,湖北,16,18,12,12,10
beijing1,2,湖北,15,20,15,10,10
guangdong1,3,江苏,17,22,15,11,11
shanghai1,3,江苏,18,28,19,14,15
chongqing1,3,江苏,0,0,0,0,0
liaoning1,3,江苏,15,20,17,13,12
sichuan1,3,江苏,19,28,18,14,15
henan1,3,江苏,15,22,15,12,11
guizhou1,3,江苏,18,27,18,14,14
jiangxi1,3,江苏,18,28,20,14,15
anhui1,3,江苏,14,19,16,12,11
zhejiang1,3,江苏,15,20,12,12,10
jiangsu1,3,江苏,0,0,0,0,0
hunan1,3,江苏,15,25,15,10,11
tianjing1,3,江苏,15,24,18,12,11
gansu1,3,江苏,19,29,20,14,15
beijing1,3,江苏,14,22,15,10,10
shandong1,3,江苏,19,27.5,18,13,13
jilin1,3,江苏,10,10,12,8,8
fujian1,3,江苏,10,10,10,8,10
hubei1,3,江苏,16,24,18,13,15
yunnan1,3,江苏,20,25,10,10,10
henan1,4,广东,15,22,15,12,11
guangdong1,4,广东,0,0,0,0,0
liaoning1,4,广东,17,20,18,13,13
chongqing1,4,广东,0,0,0,0,0
shanghai1,4,广东,19,27,18,14,15
jiangxi1,4,广东,16,24,17,12,12
jiangsu1,4,广东,15,22,15,11,11
hunan1,4,广东,20,30,15,10,10
sichuan1,4,广东,18,27,17,13,15
zhejiang1,4,广东,15,23,17,13,11
anhui1,4,广东,13,19,17,11,11
gansu1,4,广东,20,29,20,15,14
guizhou1,4,广东,18,26,17,13,15
jilin1,4,广东,15,16,13,12,12
tianjing1,4,广东,18,25,17,13,10
beijing1,4,广东,16,21,16,9,12
fujian1,4,广东,14,18,17,12,12
shandong1,4,广东,17,26,16,13,8
shanghai1,5,河南,18,26,19,14,13
hubei1,4,广东,18,23,17,13,14
chongqing1,5,河南,0,0,0,0,0
henan1,5,河南,0,0,0,0,0
yunnan1,4,广东,20,28,20,10,15
guangdong1,5,河南,18,23,16,12,11
liaoning1,5,河南,15,15,17,12,12
anhui1,5,河南,17,20,19,11,12
hunan1,5,河南,20,25,16,15,15
jiangsu1,5,河南,15,22,16,11,11
gansu1,5,河南,20,29,20,14,15
guizhou1,5,河南,17,20,17,12,12
sichuan1,5,河南,18,26,19,13,15
chongqing1,6,广东,0,0,0,0,0
zhejiang1,5,河南,16,21,16,12,12
yunnan1,5,河南,20,15,18,10,10
beijing1,5,河南,16,20,16,10,11
jiangxi1,5,河南,20,28,18,15,12
guangdong1,6,广东,0,0,0,0,0
henan1,6,广东,17,26,18,14,13
shandong1,5,河南,19.5,29,20,15,15
shanghai1,6,广东,18,27,17,14,12
tianjing1,5,河南,17,25,19,13,11
liaoning1,6,广东,15,15,17,12,12
hubei1,5,河南,18,23,17,13,14
fujian1,5,河南,16,20,15,12,12
jilin1,5,河南,14,16,10,12,13
anhui1,6,广东,14,18,15,11,10
jiangsu1,6,广东,15,21,15,11,11
hunan1,6,广东,20,30,15,15,10
gansu1,6,广东,20,29,20,15,14
guizhou1,6,广东,18,25,18,13,12
sichuan1,6,广东,19,29,19,14,15
chongqing1,7,湖南,0,0,0,0,0
jiangxi1,6,广东,17,26,18,15,12
yunnan1,6,广东,20,25,15,10,10
fujian1,6,广东,15,15,13,9,10
henan1,7,湖南,15,25,15,13,13
tianjing1,6,广东,14,25,15,10,12
guangdong1,7,湖南,17,22,16,12,11
shanghai1,7,湖南,17,25,17,13,13
zhejiang1,6,广东,13,22,13,12,12
hubei1,6,广东,18,24,16,13,14
beijing1,6,广东,14,22,16,9,12
jilin1,6,广东,10,12,10,10,8
shandong1,6,广东,19,28,17,10,12
anhui1,7,湖南,16,20,17,13,13
liaoning1,7,湖南,14,15,15,10,11
gansu1,7,湖南,20,29,20,14,15
jiangsu1,7,湖南,14.5,22,16,12,12
guizhou1,7,湖南,16,22,17,12,13
hunan1,7,湖南,0,0,0,0,0
shanghai1,8,广东,19,26,18,14,14
sichuan1,7,湖南,18,27,19,14,14
beijing1,7,湖南,13,19,15,10,10
chongqing1,8,广东,0,0,0,0,0
guangdong1,8,广东,0,0,0,0,0
jilin1,7,湖南,15,15,16,11,10
tianjing1,7,湖南,17,26,17,13,12
fujian1,7,湖南,15,12,12,10,12
guizhou1,8,广东,18,28,19,15,15
jiangsu1,8,广东,15.3,22,16,11,12
shandong1,7,湖南,20,29,19,15,15
gansu1,8,广东,20,29,20,15,15
anhui1,8,广东,17,21,17,14,12
liaoning1,8,广东,16,23,18,11,13
hubei1,7,湖南,17,24,17,13,15
zhejiang1,7,湖南,17,23,16,13,12
jiangxi1,7,湖南,18,27,18,13,12
hunan1,8,广东,20,30,20,10,14
henan1,8,广东,19,27,17,14,14
yunnan1,7,湖南,20,18,15,10,10
shanghai1,9,天津,18,25,18,13,14
fujian1,8,广东,16,22,16,12,12
guangdong1,9,天津,17,22,16,12,11
tianjing1,8,广东,15,24,19,13,14
sichuan1,8,广东,18,28,18,15,14
chongqing1,9,天津,0,0,0,0,0
beijing1,8,广东,14,21,16,11,11
jilin1,8,广东,18,20,18,13,12
zhejiang1,8,广东,16,23,16,12,13
yunnan1,8,广东,20,25,15,15,15
gansu1,9,天津,20,29,20,14,14
shandong1,8,广东,19,26,18,14,13
jilin1,9,天津,10,11,11,11,10
tianjing1,9,天津,0,0,0,0,0
guizhou1,9,天津,15,22,16,14,12
hubei1,8,广东,18,28,18,14,15
shanghai1,10,山东,19,27,17,14,13
henan1,9,天津,17,25,19,14,13
jiangxi1,8,广东,18,26,17,15,12
fujian1,9,天津,16,18,14,12,9
jiangsu1,9,天津,14.2,21,15,11,11
sichuan1,9,天津,18,27,18,15,14
beijing1,9,天津,13,19,15,10,10
anhui1,9,天津,15,20,19,11,10
hunan1,9,天津,20,25,15,15,14
chongqing1,10,山东,0,0,0,0,0
liaoning1,9,天津,15,15,15,12,12
guangdong1,10,山东,18,24,16,13,12
yunnan1,9,天津,20,18,15,10,5
zhejiang1,9,天津,15,22,15,12,11
beijing1,10,山东,14,20,15,10,10
jiangsu1,10,山东,15.1,22,16,11,12
gansu1,10,山东,20,29,20,14,15
shanghai1,11,湖南,17,22,18,13,13
sichuan1,10,山东,19,28,19,14,15
liaoning1,10,山东,16,18,15,10,13
jilin1,10,山东,12,19,11,10,11
shandong1,9,天津,18,28,18,14,14
henan1,10,山东,15,24,18,13,14
jiangxi1,9,天津,18,25,17,13,12
fujian1,10,山东,18,24,15,12,12
tianjing1,10,山东,15,26,18,13,14
hubei1,9,天津,20,26,18,14,15
chongqing1,11,湖南,0,0,0,0,0
hunan1,10,山东,20,30,15,15,10
guizhou1,10,山东,17,27,18,13,14
guangdong1,11,湖南,18,24,16,13,12
zhejiang1,10,山东,18,25,14,14,11
yunnan1,10,山东,20,20,18,10,15
anhui1,10,山东,16,21,18,14,12
jiangsu1,11,湖南,15.8,21,16,12,11
fujian1,11,湖南,15,16,16,12,12
henan1,11,湖南,18,25,17,13,13
hunan1,11,湖南,0,0,0,0,0
shandong1,10,山东,0,0,0,0,0
chongqing1,12,安徽,0,0,0,0,0
gansu1,11,湖南,20,29,20,15,14
guangdong1,12,安徽,17,22,15,11,11
anhui1,11,湖南,17,22,18,13,13
jiangxi1,10,山东,18,28,20,13,13
beijing1,11,湖南,17,20,15,11,12
yunnan1,11,湖南,20,15,15,10,10
shanghai1,12,安徽,18,26,18,14,14
hubei1,10,山东,16,23,17,13,15
tianjing1,11,湖南,16,24,18,14,13
guizhou1,11,湖南,15,20,17,13,15
sichuan1,11,湖南,18,26,19,14,14
zhejiang1,11,湖南,18,24,16,14,11
liaoning1,11,湖南,17,15,15,10,13
jilin1,11,湖南,13,10,10,10,12
jiangsu1,12,安徽,14.9,22,16,11,12
shandong1,11,湖南,20,29.5,19.5,15,15
henan1,12,安徽,14,25,17,13,13
chongqing1,13,广东,0,0,0,0,0
jiangxi1,11,湖南,20,25,18,13,14
anhui1,12,安徽,0,0,0,0,0
beijing1,12,安徽,14,20,15,10,10
zhejiang1,12,安徽,15,23,16,14,10
guangdong1,13,广东,0,0,0,0,0
jilin1,12,安徽,11,16,11,12,9
hunan1,12,安徽,20,26,15,15,10
guizhou1,12,安徽,14,20,16,13,14
fujian1,12,安徽,16,18,15,10,10
yunnan1,12,安徽,15,20,15,10,10
hubei1,11,湖南,20,25,18,14,15
shanghai1,13,广东,19,27,18,13,14
gansu1,12,安徽,20,29,20,14,15
liaoning1,12,安徽,15,20,16,11,12
tianjing1,12,安徽,14,23,18,13,8
jiangsu1,13,广东,14.4,21,15,12,11
sichuan1,12,安徽,18,28,19,15,15
jiangxi1,12,安徽,18,20,20,13,14
shandong1,12,安徽,18,25,17,14,13
chongqing1,14,安徽,0,0,0,0,0
henan1,13,广东,13,22,16,13,12
anhui1,13,广东,17,20,15,11,10
shanghai1,14,安徽,18,25,18,13,14
beijing1,13,广东,14,21,15,9,11
zhejiang1,13,广东,17,24,15,11,12
yunnan1,13,广东,20,30,15,13,13
fujian1,13,广东,18,24,15,12,10
hubei1,12,安徽,16,24,18,13,15
tianjing1,13,广东,14,24,17,12,13
anhui1,14,安徽,0,0,0,0,0
shandong1,13,广东,17,26,16,12,12
henan1,14,安徽,15,24,16,12,13
sichuan1,13,广东,17,28,19,14,15
guangdong1,14,安徽,16,23,15,12,11
jiangxi1,13,广东,20,26,18,13,13
guizhou1,13,广东,18,27,18,14,13
hunan1,13,广东,15,30,20,10,10
jilin1,13,广东,18,16,18,12,12
gansu1,13,广东,20,29,20,15,14
jiangsu1,14,安徽,14,21,15,11.1,12
liaoning1,13,广东,18,25,16,13,13
chongqing1,15,福建,0,0,0,0,0
yunnan1,14,安徽,20,15,15,10,10
tianjing1,14,安徽,17,24,17,13,10
hubei1,13,广东,20,28,18,14,15
shanghai1,15,福建,17,27,18,13,13
fujian1,14,安徽,15,15,15,12,12
beijing1,14,安徽,15,20,15,10,10
zhejiang1,14,安徽,17,23,16,12,10
hunan1,14,安徽,18,30,20,15,10
anhui1,15,福建,17,22,17,12,11
jilin1,14,安徽,11,11,11,12,9
henan1,15,福建,14,25,16,11,13
guizhou1,14,安徽,19,23,17,13,15
shandong1,14,安徽,18,25,18,13.5,13
guangdong1,15,福建,18,24,16,12,12
chongqing1,16,广东,0,0,0,0,0
jiangxi1,14,安徽,18,25,18,14,12
gansu1,14,安徽,20,29,20,14,14
sichuan1,14,安徽,18,26,19,14,15
jiangsu1,15,福建,13.4,22,15,11,12
liaoning1,14,安徽,17,16,16,12,13
jilin1,15,福建,11,14,11,12,9
zhejiang1,15,福建,13,18,10,10,9
hunan1,15,福建,20,30,15,15,10
hubei1,14,安徽,18,25,18,13,15
fujian1,15,福建,0,0,0,0,0
yunnan1,15,福建,20,15,15,10,5
tianjing1,15,福建,18,27,18,14,12
shanghai1,16,广东,18,26,18,13,14
beijing1,15,福建,14,19,15,10,9
shandong1,15,福建,15,24,17,11,11
sichuan1,15,福建,18,26,19,15,15
jiangxi1,15,福建,18,24,19,13,12
henan1,16,广东,18,24,16,12,13
guizhou1,15,福建,15,24,15,13,15
chongqing1,17,安徽,0,0,0,0,0
guangdong1,16,广东,0,0,0,0,0
anhui1,16,广东,15,22,14,10,10
jiangsu1,16,广东,13.3,21,16,12,11
gansu1,15,福建,20,29,20,14,14
fujian1,16,广东,14,14,12,10,12
jilin1,16,广东,11,16,13,12,9
shanghai1,17,安徽,18,25,18,14,14
yunnan1,16,广东,15,25,10,15,10
zhejiang1,16,广东,16,22,16,13,11
hubei1,15,福建,18,24,18,13,15
beijing1,16,广东,15,21,14,10,10
hunan1,16,广东,20,29,20,10,10
tianjing1,16,广东,18,28,18,15,14
liaoning1,15,福建,17,16,15,12,12
shandong1,16,广东,16,23,16,14,12
anhui1,17,安徽,0,0,0,0,0
jiangxi1,16,广东,20,25,19,14,13
jilin1,17,安徽,11,21,12,13,9
guizhou1,16,广东,16,26,16,15,15
tianjing1,17,安徽,13,23,19,12,15
henan1,17,安徽,19,26,18,14,14
fujian1,17,安徽,18,24,16,12,12
beijing1,17,安徽,13,19,15,10,11
hubei1,16,广东,18,23,18,14,15
zhejiang1,17,安徽,17,24,15,14,11
sichuan1,16,广东,18,27,18,15,15
shanghai1,18,江苏,19,26,19,14,14
guangdong1,17,安徽,17,24,17,13,12
jiangsu1,17,安徽,13,22.5,16,11,12
hunan1,17,安徽,20,30,20,11,10
chongqing1,18,江苏,0,0,0,0,0
yunnan1,17,安徽,15,30,15,10,15
gansu1,16,广东,20,29,20,15,14
shandong1,17,安徽,19,28,19,14,15
liaoning1,16,广东,18,16,15,11,12
zhejiang1,18,江苏,17,22,15,12,10
jiangsu1,18,江苏,0,0,0,0,0
guizhou1,17,安徽,18,27,18,13,14
beijing1,18,江苏,16,19,16,11,12
jiangxi1,17,安徽,19,25,18,13,12
yunnan1,18,江苏,20,15,15,10,10
jilin1,18,江苏,12,10,14,11,11
guangdong1,18,江苏,17,24,16,13,11
anhui1,18,江苏,18,20,15,10,11
gansu1,17,安徽,19,30,20,15,14
tianjing1,18,江苏,15,24,18,14,13
hubei1,17,安徽,18,25,18,14,15
chongqing1,19,广东,0,0,0,0,0
henan1,18,江苏,17,26,18,14,14
shanghai1,19,广东,18,26,17,14,13
sichuan1,17,安徽,19,28,19,15,15
fujian1,18,江苏,15,16,15,12,10
hunan1,18,江苏,20,25,20,15,10
shandong1,18,江苏,17,26,18,13,14
liaoning1,17,安徽,15,17,15,10,11
zhejiang1,19,广东,17,22,15,12,11
jiangxi1,18,江苏,18,23,18,12,10
yunnan1,19,广东,15,25,10,10,15
jilin1,19,广东,16,14,11,12,11
tianjing1,19,广东,14,25,17,12,13
hunan1,19,广东,20,25,15,10,10
henan1,19,广东,13,24,14,12,13
gansu1,18,江苏,20,29,20,14,14
guangdong1,19,广东,0,0,0,0,0
hubei1,18,江苏,16,25,18,14,15
chongqing1,20,吉林,0,0,0,0,0
beijing1,19,广东,15,20,15,10,11
fujian1,19,广东,16,15,12,10,10
anhui1,19,广东,15,22,14,10,10
sichuan1,18,江苏,17,27,19,13,15
jiangsu1,19,广东,14.6,21,15,11,12
liaoning1,18,江苏,15,18,16,12,12
shandong1,19,广东,13,19,18,13,11
shanghai1,20,吉林,17,25,18,13,13
guizhou1,18,江苏,17,25,16,14,14
jiangxi1,19,广东,18,24,17,13,13
zhejiang1,20,吉林,16,23,15,12,10
chongqing2,1,浙江,0,0,0,0,0,0,0,0,0
gansu1,19,广东,19,30,20,14,15
hubei1,19,广东,16,26,17,14,14
yunnan1,20,吉林,15,25,15,10,15
hunan1,20,吉林,20,20,15,15,10
tianjing1,20,吉林,13,23,16,12,11
guangdong1,20,吉林,16,22,16,11,11
henan1,20,吉林,13,22,14,11,11
jilin1,20,吉林,0,0,0,0,0
shandong1,20,吉林,18,28,18,14,14
beijing1,20,吉林,15,19,15,9,11
anhui1,20,吉林,15,19,19,11,10
sichuan1,19,广东,18,28,18,13,14
shanghai2,1,浙江,19,9,8,9,9,9,9,9,9
liaoning1,19,广东,18,25,15,12,12
jiangsu1,20,吉林,13.3,22,16,12,12
guizhou1,19,广东,15,21,14,14,12
fujian1,20,吉林,12,15,12,10,10
chongqing2,2,湖北,0,0,0,0,0,0,0,0,0
jiangxi1,20,吉林,20,25,18,12,12
zhejiang2,1,浙江,0,0,0,0,0,0,0,0,0
gansu1,20,吉林,20,29,20,14,15
tianjing2,1,浙江,16,8,8,7,7,8,9,10,6
yunnan2,1,浙江,10,6,8,6,5,8,6,10,8
hunan2,1,浙江,20,5,10,10,5,10,10,10,10
shandong2,1,浙江,17,8,7,8,8,6,8,6,6
henan2,1,浙江,18,7,8,8,9,9,9,9,9
jilin2,1,浙江,20,7.5,7,6.5,7,7,6.8,6.5,7.5
beijing2,1,浙江,15,7,5,6,7,7,6,7,8
jiangsu2,1,浙江,15,7,7,7,7,7,7,7,5
guangdong2,1,浙江,16,8,8,7,8,8,8,8,8
hubei1,20,吉林,18,24,18,13,15
shanghai2,2,湖北,19,9,9,9,9,10,9,10,10
guizhou1,20,吉林,17,24,16,13,13
anhui2,1,浙江,18,8,9,7,8,6,8,8,8
sichuan1,20,吉林,18,27,18,15,14
jiangxi2,1,浙江,20,9,10,9,8,9,8,8,9
liaoning1,20,吉林,17,18,16,12,12
zhejiang2,2,湖北,14,8,8,7,8,8,8,8,7
chongqing2,3,江苏,0,0,0,0,0,0,0,0,0
fujian2,1,浙江,17,7,7,8,7,6,8,6,7
tianjing2,2,湖北,15,9,10,9,8,8,9,8,8
gansu2,1,浙江,20,9,10,10,10,10,10,10,9
shandong2,2,湖北,15,8,7,6,7,6,6,6,6
beijing2,2,湖北,17,7,8,6,7,8,8,8,8
yunnan2,2,湖北,18,8,8,8,8,7,7,10,10
hunan2,2,湖北,20,5,5,10,10,5,10,10,10
jilin2,2,湖北,0,0,0,0,0,0,0,0,0
henan2,2,湖北,18,7,6,7,6,7,6,7,7
jiangsu2,2,湖北,15,7,7,7,7,7,7,7,5
guangdong2,2,湖北,16,7,7,7,7,8,8,8,8
hubei2,1,浙江,18,7,7,8,8,7,9,8,10
guizhou2,1,浙江,18,8,8,8,7,7,8,6,7
shanghai2,3,江苏,19,9,10,9,9,9,10,10,10
liaoning2,1,浙江,20,6,8,7,7,8,7,8,9
zhejiang2,3,江苏,14,8,8,8,8,8,8,7,8
fujian2,2,湖北,15,7,6,8,8,6,9,7,6
jiangxi2,2,湖北,19,9,10,8,8,7,7,8,8
sichuan2,1,浙江,18,9,9,8,8,8,6,6,8
anhui2,2,湖北,16,5,7,7,6,6,6,7.3,7
chongqing2,4,广东,0,0,0,0,0,0,0,0,0
gansu2,2,湖北,20,9,10,10,10,9,10,10,10
tianjing2,3,江苏,17,7,7,8,8,7,8,7,7
jilin2,3,江苏,20,6,6,6.5,6.5,6.5,6.5,6.5,8
hubei2,2,湖北,0,0,0,0,0,0,0,0,0
guizhou2,2,湖北,17,6,6,8,9,8,7,8,7
shanghai2,4,广东,19,9,10,10,9,9,9,10,9
beijing2,3,江苏,17,8,8,7,8,8,7,6,8
jiangsu2,3,江苏,0,0,0,0,0,0,0,0,0
yunnan2,3,江苏,15,8,6,6,6,7,6,8,6
henan2,3,江苏,17,6,7,7,7,7,8,9,9
zhejiang2,4,广东,14,8,8,8,8,8,8,8,8
anhui2,3,江苏,16,6,7,7,6,6,6,7,7
fujian2,3,江苏,18,6,6,8,8,7,8,6,6
shandong2,3,江苏,18,9,8,8,8,7,8,7,7
hunan2,3,江苏,20,5,5,5,10,5,10,5,5
guangdong2,3,江苏,17,7,6,8,8,8,8,8,7
gansu2,3,江苏,20,9,9,10,10,9,10,10,10
liaoning2,2,湖北,20,7,7,8,8,8,8,7,9
chongqing2,5,河南,0,0,0,0,0,0,0,0,0
sichuan2,2,湖北,12,10,8,8,8,6,6,8,8
jiangxi2,3,江苏,18,8,9,10,8,8,8,8,10
tianjing2,4,广东,16,9,9,8,9,8,9,8,6
jilin2,4,广东,20,8.5,8.5,7,8.5,7.5,7,7,8
beijing2,4,广东,18,7,8,8,8.5,7,8,7,8
guizhou2,3,江苏,16,7,7,8,9,7,8,7,9
shanghai2,5,河南,19,7,9,9,9,10,10,10,10
hubei2,3,江苏,14.5,6,6,9,6,7,6,7,8
jiangsu2,4,广东,15,7,7,7,7,7,7,7,7
zhejiang2,5,河南,15,8,8,8,8,8,8,8,8
henan2,4,广东,17,8,7,7,8,8,8,8,9
yunnan2,4,广东,18,8,8,8,8,8,9,10,10
shandong2,4,广东,17,7.5,7,6,7,6,6,6,6
gansu2,4,广东,20,9,10,10,10,9,10,10,9
guangdong2,4,广东,0,0,0,0,0,0,0,0,0
liaoning2,3,江苏,20,7,7,8,7,8,9,7,7
tianjing2,5,河南,18,7,7,8,8,9,9,8,8
fujian2,4,广东,19,6,7,6,7,8,8,7,7
sichuan2,3,江苏,14,9,8,6,6,8,8,6,8
anhui2,4,广东,16,6,7,7,7,7,7,7.5,6
hunan2,4,广东,20,10,10,9,10,10,10,5,5
chongqing2,6,广东,0,0,0,0,0,0,0,0,0
jiangxi2,4,广东,18,7,8,8,8,7,7,7,8
zhejiang2,6,广东,14,8,8,8,7,8,8,8,8
hubei2,4,广东,18.5,8,7,9,6,6,9,8,9
jiangsu2,5,河南,15,7,7,7,7,7,7,9,9
beijing2,5,河南,19,8,9,9,8.5,9,9,9,8
yunnan2,5,河南,16,6,6,6,6,6,5,6,6
guizhou2,4,广东,16,8,7,8,7,8,7,8,8
henan2,5,河南,0,0,0,0,0,0,0,0,0
jilin2,5,河南,20,8,8.5,6.5,8,7.5,9,8,7
shanghai2,6,广东,19,9,10,9,9,10,10,10,10
shandong2,5,河南,18,8,8,8,7,7,8,7,7
chongqing2,7,湖南,0,0,0,0,0,0,0,0,0
gansu2,5,河南,20,9,9,10,10,9,10,9,10
jiangxi2,5,河南,20,10,8,8,8,9,9,10,8
liaoning2,4,广东,20,8,7,8,6,7,9,7,7
guangdong2,5,河南,18,7,7,8,8,8,8,8,8
tianjing2,6,广东,18,7,7,8,7,7,8,6,8
anhui2,5,河南,18,8,8,7,8,8,8,9,8
sichuan2,4,广东,16,8,6,8,6,6,8,6,6
fujian2,5,河南,15,7,6,8,6,7,7,7,6
hunan2,5,河南,20,6,10,10,6,10,10,10,10
beijing2,6,广东,18.5,7,8,8,8,8.5,8.5,8,8.5
hubei2,5,河南,14,8,6,6,6,6,8,8,7
henan2,6,广东,16,8,8,7,8,7,8,8,9
zhejiang2,7,湖南,16,8,8,8,8,8,8,9,8
guizhou2,5,河南,18,6,6,6,7,8,8,9,9
shanghai2,7,湖南,19,7,9,9,9,9,9,10,10
jilin2,6,广东,20,7.5,8.5,7,8.5,7.5,7,7,7
jiangsu2,6,广东,15,7,7,7,7,7,7,7,4
yunnan2,6,广东,18,6,8,8,8,8,8,8,8
guangdong2,6,广东,0,0,0,0,0,0,0,0,0
gansu2,6,广东,20,10,10,10,10,9,10,10,9
shandong2,6,广东,17,8,7,6,6,5,7,6,6
fujian2,6,广东,17,7,8,7,9,7,7,8,7
sichuan2,5,河南,18,8,8,8,8,8,8,8,8
hunan2,6,广东,20,10,10,10,10,5,10,10,5
anhui2,6,广东,16,6,7,7,7,7,7,7,6
chongqing2,8,广东,0,0,0,0,0,0,0,0,0
jiangxi2,6,广东,18,10,10,8,10,7,8,8,8
tianjing2,7,湖南,18,7,8,8,8,7,8,8,8
liaoning2,5,河南,20,6,6,8,6,8,8,8,8
henan2,7,湖南,16,7,7,8,8,7,8,8,8
shanghai2,8,广东,19,9,9,10,10,10,10,10,10
hubei2,6,广东,18,9,8,7,6,8,8,8,8
yunnan2,7,湖南,15,8,6,8,8,8,8,10,6
zhejiang2,8,广东,16,8,8,9,8,8,8,8,8
beijing2,7,湖南,19,8,8,8,8,8.5,9,9,8.5
jilin2,7,湖南,20,8,8.5,7.5,8.5,7.5,9,8,8
guizhou2,6,广东,18,8,8,8,9,9,8,8,8
jiangsu2,7,湖南,15,7,7,7,7,7,7,7,7
henan2,8,广东,18,9,9,8,9,9,8,9,9
liaoning2,6,广东,20,6,7,7,7,7,8,7,8
shanghai2,9,天津,19,8,8,9,9,9,9,9,9
gansu2,7,湖南,20,10,9,9,10,10,10,10,10
chongqing2,9,天津,0,0,0,0,0,0,0,0,0
hunan2,7,湖南,0,0,0,0,0,0,0,0,0
anhui2,7,湖南,18,7,8,9,8,8,8,8,7
jiangxi2,7,湖南,18,10,9,10,10,9,8,7,7
yunnan2,8,广东,16,6,8,8,6,10,10,10,10
tianjing2,8,广东,18,8,8,8,8,8,8,8,8
hubei2,7,湖南,18,8,7,9,8,9,9,8,9
sichuan2,6,广东,18,9,8,8,9,8,8,8,8
shandong2,7,湖南,18,8.5,8,8,8,8,9,8,8
guangdong2,7,湖南,17.5,8,7,8,7.5,8,8.5,8,8
fujian2,7,湖南,17,6,6,8,7,7,8,7,9
zhejiang2,9,天津,14,8,8,7,8,8,8,8,8
jilin2,8,广东,20,8,8.5,8,8.5,8,10,8,8
beijing2,8,广东,19,8,8,8.5,8.5,8,8.5,9,8.5
jiangsu2,8,广东,15,7,7,7,7,7,7,7,9
guizhou2,7,湖南,17,7,7,8,6,7,8,8,9
hubei2,8,广东,16,7.6,7,8,7,6.5,8,8,7
gansu2,8,广东,20,9,9,10,10,10,10,10,10
shanghai2,10,山东,19,9,8,10,9,9,10,10,10
henan2,9,天津,17,8,9,8,8,8,9,8,8
chongqing2,10,山东,0,0,0,0,0,0,0,0,0
shandong2,8,广东,17,8.5,8,7,8,7,8,8,8
hunan2,8,广东,15,10,10,10,10,10,10,10,10
anhui2,8,广东,18,8,8,8,8,8,8,6,7
tianjing2,9,天津,0,0,0,0,0,0,0,0,0
yunnan2,9,天津,10,6,6,6,6,6,6,6,6
liaoning2,7,湖南,20,6,6,8,7,7,8,6,7
sichuan2,7,湖南,12,9,8,8,8,8,8,8,6
guangdong2,8,广东,0,0,0,0,0,0,0,0,0
jiangxi2,8,广东,17,9,9,9,9,9,9,8,8
fujian2,8,广东,20,9,8,10,8,7,8,7,8
zhejiang2,10,山东,16,9,8,8,9,8,8,8,8
jilin2,9,天津,18,7,7,6.5,7,7,7,7,7
jiangsu2,9,天津,15,7,7,7,7,7,7,8,9
beijing2,9,天津,18,7,8,8,7,8,8,7,8
guizhou2,8,广东,18,8,8,9,8,8,9,9,8
hubei2,9,天津,15,7,7,6,7,7,8,7,6
chongqing2,11,湖南,0,0,0,0,0,0,0,0,0
anhui2,9,天津,15,8,8,8,6,6,6,8.5,7
shanghai2,11,湖南,17,9,9,9,9,9,9,9,9
hunan2,9,天津,20,5,6,10,10,10,10,10,10
shandong2,9,天津,16,8,8,7,7,7,8,8,8
henan2,10,山东,15,8,8,9,8,9,8,7,8
gansu2,9,天津,19,9,9,10,10,9,10,10,10
tianjing2,10,山东,18,7,7,8,8,8,8,8,8
jiangxi2,9,天津,18,8,8,8,8,8,8,8,8
zhejiang2,11,湖南,16,8,8,8,8,8,8,9,8
yunnan2,10,山东,16,6,8,8,6,8,8,6,10
sichuan2,8,广东,14,8,8,8,8,8,8,8,8
fujian2,9,天津,16,7,7,7,7,7,8,7,6
jilin2,10,山东,20,7.5,8.5,8,8,7,9,8,8
jiangsu2,10,山东,15,7,7,7,7,7,7,9,8
guangdong2,9,天津,17,8,8,7,8,8,8,8,8
guizhou2,9,天津,17,7,8,7,7,7,7,7,7
beijing2,10,山东,18,8,8,8,7,8,8,7,7
liaoning2,8,广东,20,8,7,7,7,8,8,7,8
shandong2,10,山东,0,0,0,0,0,0,0,0,0
anhui2,10,山东,15,8,8,7,9,9,9,7,8
tianjing2,11,湖南,16,8,8,8,8,8,8,9,8
shanghai2,12,安徽,18,9,9,9,9,9,9,9,9
hubei2,10,山东,19,8,9,9,9,9,8,9,10
gansu2,10,山东,20,10,9,10,9,9,10,10,10
henan2,11,湖南,16,7,8,9,8,8,8,9,8
hunan2,10,山东,20,5,6,10,10,10,10,10,10
chongqing2,12,安徽,0,0,0,0,0,0,0,0,0
sichuan2,9,天津,14,6,6,7,8,6,8,8,6
beijing2,11,湖南,19,8,8,8,8,8,8,8,8
yunnan2,11,湖南,16,6,6,8,8,8,8,8,8
jiangsu2,11,湖南,15,7,7,7,7,7,7,7,7
jiangxi2,10,山东,20,9,10,9,8,9,8,8,9.5
zhejiang2,12,安徽,14,8,8,7,8,8,8,9,8
fujian2,10,山东,18,7,7,8,8,7,9,8,6
guizhou2,10,山东,17,8,7,8,8,7,8,8,8
jilin2,11,湖南,20,7.5,7,8,8.5,8,8,9,7
guangdong2,10,山东,17,8,8,8,8,8,8,8,8
liaoning2,9,天津,20,7,6,7,7,7,8,7,7
tianjing2,12,安徽,17,7,7,8,8,8,8,8,5
shanghai2,13,广东,19,9.5,10,10,10,10,10,10,10
sichuan2,10,山东,20,8,8,8,8,8,8,8,8
henan2,12,安徽,14,6,7,6,7,8,8,7,8
gansu2,11,湖南,19,9,9,9,10,10,10,10,10
shandong2,11,湖南,18,9,8,8,8,7,9,8,8
chongqing2,13,广东,0,0,0,0,0,0,0,0,0
hubei2,11,湖南,19,7,8,9,8,9,8,9,10
anhui2,11,湖南,16,9,7,7,8,8,9,9,9
hunan2,11,湖南,0,0,0,0,0,0,0,0,0
guangdong2,11,湖南,18,8,8,8,8,8,8,8,8
liaoning2,10,山东,20,7,6,8,6,7,8,7,8
beijing2,12,安徽,18,8,8,8,7,8,8,8,8
jiangxi2,11,湖南,17,7,8,9,10,9,8,10,8
yunnan2,12,安徽,18,8,8,8,6,5,5,5,5
jilin2,12,安徽,20,7,7,7,7.5,7,6.5,7,7
fujian2,11,湖南,16,7,6,8,7,7,8,8,8
jiangsu2,12,安徽,15,7,7,7,7,7,7,7,3
guizhou2,11,湖南,18,7,7,8,6,7,9,8,8
zhejiang2,13,广东,15,8,8,7,8,9,8,8,7
anhui2,12,安徽,0,0,0,0,0,0,0,0,0
sichuan2,11,湖南,14,8,8,8,8,8,6,7,6
gansu2,12,安徽,20,9,9,9,10,10,10,9,10
henan2,13,广东,14,6,8,7,8,7,7,8,8
shandong2,12,安徽,17,8,7,7,7,7,8,7,7
hunan2,12,安徽,20,6,5,10,5,10,10,10,10
hubei2,12,安徽,15,7,6.6,7,7,7,9,8,8
shanghai2,14,安徽,17,9,9,9,9,9,9,9,9
chongqing2,14,安徽,0,0,0,0,0,0,0,0,0
tianjing2,13,广东,18,8,7,8,8,7,8,7,8
fujian2,12,安徽,16,6,6,7,7,8,8,7,8
jiangsu2,13,广东,15,7,7,7,7,7,7,7,3
jilin2,13,广东,20,8,8.5,7,8.5,8,7,7,7
guangdong2,12,安徽,18,8,7,8,7,8,8,8,8
yunnan2,13,广东,18,8,8,8,8,8,10,10,10
guizhou2,12,安徽,18,8,7,8,8,7,9,7,8
jiangxi2,12,安徽,18,8,8,9,9,9,8,8,8
beijing2,13,广东,18,7,8,8,7,8,8,8,8
liaoning2,11,湖南,20,7,6,7,7,8,8,7,7
zhejiang2,14,安徽,14,8,8,7,8,9,8,8,7
shanghai2,15,福建,19,8.5,8,9,9,9,9,9,9
tianjing2,14,安徽,16,8,8,8,8,8,8,8,7
gansu2,13,广东,20,10,10,10,10,9,10,10,9
shandong2,13,广东,17,7,7,7,7,6,6,6,6
sichuan2,12,安徽,12,8,8,8,8,8,8,8,8
chongqing2,15,福建,0,0,0,0,0,0,0,0,0
hunan2,13,广东,20,8,7,10,5,10,10,5,10
hubei2,13,广东,16,8,8,7,6,7,7,7,8
anhui2,13,广东,18,7,7,8,7,7,7,7,7
henan2,14,安徽,15,7,8,8,8,7,7,8,8
yunnan2,14,安徽,16,8,6,8,8,8,6,8,8
zhejiang2,15,福建,14,8,8,7,8,8,8,8,8
beijing2,14,安徽,19,8,8.5,8,8,9,8,8,8
jilin2,14,安徽,20,7,7,7,7.5,7.5,6.5,7,7
shanghai2,16,广东,19,9.5,9,9,9,10,9,9,9
jiangxi2,13,广东,20,8,8,9,8,8,9,9,9
liaoning2,12,安徽,20,7,7,8,7,6,8,8,8
guangdong2,13,广东,0,0,0,0,0,0,0,0,0
guizhou2,13,广东,18,8,7,8,9,7,7,7,8
jiangsu2,14,安徽,15,7,7,7,7,7,7,7,7
fujian2,13,广东,17,7,8,7,8,7,7,7,7
chongqing2,16,广东,0,0,0,0,0,0,0,0,0
gansu2,14,安徽,19,10,9,10,10,9,10,10,10
hubei2,14,安徽,16,7.2,8,8,6,6,7,8,8
anhui2,14,安徽,0,0,0,0,0,0,0,0,0
tianjing2,15,福建,17,8,8,8,8,9,8,9,8
sichuan2,13,广东,18,8,8,8,8,8,8,8,8
yunnan2,15,福建,10,6,6,6,6,6,6,6,6
shandong2,14,安徽,16,8,8,7,7,7,6,8,8
hunan2,14,安徽,20,10,10,5,10,10,10,10,6
henan2,15,福建,18,7,8,8,8,7,7,7,8
liaoning2,13,广东,20,8,8,8,8,7,8,8,9
guizhou2,14,安徽,18,7,8,8,8,8,9,8,9
jiangxi2,14,安徽,18,9,8,9,8,7,9,8,8
zhejiang2,16,广东,14,8,8,8,8,8,8,8,7
beijing2,15,福建,18,7,8,8,8.5,7,8,7,8
shanghai2,17,安徽,18,9,9,9,9,9,9,9,9
guangdong2,14,安徽,17,7,7,8,7,8,8,8,7
jilin2,15,福建,20,8,8.5,6.5,8,7.5,6.5,7,7
anhui2,15,福建,16,8,7,8,8,8,8,8,7
chongqing2,17,安徽,0,0,0,0,0,0,0,0,0
gansu2,15,福建,20,9,9,10,10,9,10,10,10
jiangsu2,15,福建,15,7,7,7,7,7,7,7,5
fujian2,14,安徽,16,7,6,7,6,7,8,7,7
hubei2,15,福建,17,8,9,8,8,8,8,8,9
henan2,16,广东,15,7,8,7,7,8,8,7,6
shandong2,15,福建,17,8,8,6,7,6,6,6,6
sichuan2,14,安徽,16,8,8,8,8,8,8,8,8
tianjing2,16,广东,17,9,9,8,8,9,8,9,9
yunnan2,16,广东,18,7,8,8,8,8,8,10,10
guizhou2,15,福建,18,7,7,7,8,8,7,7,7
jiangxi2,15,福建,18,8,10,9,8,7,9,8,8
liaoning2,14,安徽,20,8,7,7,8,8,8,7,8
hunan2,15,福建,20,10,10,10,10,10,10,5,6
beijing2,16,广东,19,8,8,8,8,8,8,8,8
shanghai2,18,江苏,19,9,9,9,9,9,9,9,9
jilin2,16,广东,20,8,8.5,6.5,8,7.6,8,7,7
zhejiang2,17,安徽,16,8,8,8,8,8,8,9,8
guangdong2,15,福建,18,8.5,8,8,8,8,8,8,8
anhui2,16,广东,16,6,7,7,8,8,8,7.5,6
fujian2,15,福建,0,0,0,0,0,0,0,0,0
sichuan2,15,福建,14,8,8,8,8,8,8,8,8
gansu2,16,广东,20,9,10,10,10,9,10,10,10
shandong2,16,广东,17,8,9,8,8,8,6,6,6
guizhou2,16,广东,18,8,7,8,7,9,9,8,9
tianjing2,17,安徽,19,8,8,9,8,9,8,7,9
jiangxi2,16,广东,20,9,10,8,8,9,10,8,9
yunnan2,17,安徽,18,6,6,8,8,8,8,6,10
hubei2,16,广东,15,6,7,8,7,6,7,7,6.7
chongqing2,18,江苏,0,0,0,0,0,0,0,0,0
shanghai2,19,广东,19,8,9,9,9,9,10,10,10
henan2,17,安徽,18,8,7,8,9,9,8,9,8
liaoning2,15,福建,20,8,7,7,8,6,8,7,7
jiangsu2,16,广东,15,7,7,7,7,7,7,7,5
jilin2,17,安徽,20,7,7,7,8.5,7,7.5,7,8.5
guangdong2,16,广东,0,0,0,0,0,0,0,0,0
zhejiang2,18,江苏,14,8,8,7,9,8,8,8,7
beijing2,17,安徽,19,8,8.5,8,8,8,8,9,8.5
hunan2,16,广东,20,10,5,10,9,10,10,10,5
sichuan2,16,广东,18,8,10,8,8,8,8,8,8
shandong2,17,安徽,18,8,9,8,7,7,8,7,7
fujian2,16,广东,17,7,8,7,7,7,8,6,7
anhui2,17,安徽,0,0,0,0,0,0,0,0,0
gansu2,17,安徽,20,9,10,10,10,9,10,9,10
guangdong2,17,安徽,18,8,8,9,8,8,8,8,8
jiangxi2,17,安徽,17,7,8,9,8,7,9,9,8
liaoning2,16,广东,20,7,7,8,7,8,8,8,7
yunnan2,18,江苏,18,6,6,8,8,6,6,6,6
hubei2,17,安徽,14,6,6,8,7,6,7,6,7
chongqing2,19,广东,0,0,0,0,0,0,0,0,0
tianjing2,18,江苏,18,8,8,8,8,8,8,8,8
hunan2,17,安徽,20,6,10,10,10,10,10,10,5
shanghai2,20,吉林,19,8,9,9,9,10,10,10,10
jiangsu2,17,安徽,15,7,7,7,7,7,7,7,3
guizhou2,17,安徽,17,7,7,8,8,7,9,8,9
zhejiang2,19,广东,15,8,8,8,8,8,8,8,7
beijing2,18,江苏,19,8,8,8,8,8,8,8,8
jilin2,18,江苏,20,7,7.5,6.5,8,7.5,6.5,7,7
henan2,18,江苏,18,8,7,7,8,9,9,8,9
shandong2,18,江苏,17,8,7,7,6,6,7,7,7
sichuan2,17,安徽,12,8,8,8,8,8,8,8,8
gansu2,18,江苏,19,9,10,10,10,10,10,10,9
fujian2,17,安徽,18,8,8,7,8,7,8,8,7
anhui2,18,江苏,18,6,8,8,6,6,6,8,6
yunnan2,19,广东,16,6,6,8,8,6,6,6,8
tianjing2,19,广东,16,7,7,8,8,8,8,8,8
jiangxi2,18,江苏,18,6,8,9,10,6,7,8,9
jiangsu2,18,江苏,0,0,0,0,0,0,0,0,0
hubei2,18,江苏,15,7,7,8,7,8,7,7,6
liaoning2,17,安徽,20,6,6,7,6,7,7,7,7
hunan2,18,江苏,20,5,5,10,10,10,10,10,10
chongqing2,20,吉林,0,0,0,0,0,0,0,0,0
guangdong2,18,江苏,18,8,8,8,7,8,8,8,8
sichuan2,18,江苏,14,8,8,8,8,8,8,8,8
fujian2,18,江苏,16,7,6,7,6,7,7,8,7
jilin2,19,广东,20,8,8.5,6.5,8,7.5,8,7,7
guizhou2,18,江苏,19,8,9,8,8,8,9,9,8
shandong2,19,广东,18,9,8,8,6,6,6,6,6
anhui2,19,广东,15,6,7,7,6,6,6,7.5,7
gansu2,19,广东,20,9,10,10,10,10,10,9,10
henan2,19,广东,15,7,6,8,6,7,9,7,7
zhejiang2,20,吉林,16,8,8,8,8,8,8,8,8
beijing2,19,广东,18,8,8,8,7,8,8,8,8
guangdong2,19,广东,0,0,0,0,0,0,0,0,0
liaoning2,18,江苏,20,7,6,7,7,8,8,8,7
yunnan2,20,吉林,17,6,6,8,8,8,8,6,6
jiangxi2,19,广东,19,8,9,8,8,7,9,8,9
jiangsu2,19,广东,15,7,7,7,7,7,7,7,4
hunan2,19,广东,20,10,5,5,10,10,10,5,5
tianjing2,20,吉林,17,6,6,7,8,8,8,8,7
hubei2,19,广东,16,6,6,8,8,6,9,7,7
sichuan2,19,广东,18,8,10,8,10,8,8,8,8
jilin2,20,吉林,0,0,0,0,0,0,0,0,0
fujian2,19,广东,16,7,8,7,8,8,7,7,6
gansu2,20,吉林,20,9,9,10,10,10,10,9,10
shandong2,20,吉林,18,9,9,8,7,7,6,6,6
guizhou2,19,广东,18,7,8,6,8,7,8,7,8
beijing2,20,吉林,18,8,8,8,7,8,8,8,8
henan2,20,吉林,16,8,6,7,7,6,8,7,8
anhui2,20,吉林,18,6,7,7,6,6,6,7.5,6
jiangsu2,20,吉林,15,7,7,7,7,7,7,7,6
sichuan2,20,吉林,14,8,6,8,6,8,8,8,8
guangdong2,20,吉林,18,7,7,7,7,7,8,8,7
liaoning2,19,广东,20,7,7,7,7,8,8,7,8
hunan2,20,吉林,20,5,5,10,10,10,10,10,5
hubei2,20,吉林,15,7.8,7,8,7.2,6.5,8,7,7
jiangxi2,20,吉林,17,6,8,9,8,7,8,7,9
guizhou2,20,吉林,16,7,8,8,7,7,8,7,8
fujian2,20,吉林,15,6,7,6,7,7,7,7,6
liaoning2,20,吉林,20,6,6,7,7,8,7.5,8,7
